<annotation><filename>IMG_1596.jpg</filename><size><width>432</width><height>432</height><depth>3</depth></size><object><name>robot</name><bndbox><xmin>198</xmin><ymin>236.359375</ymin><xmax>272</xmax><ymax>307.359375</ymax></bndbox></object><object><name>robot</name><bndbox><xmin>59</xmin><ymin>256.359375</ymin><xmax>123</xmax><ymax>363.359375</ymax></bndbox></object><object><name>robot</name><bndbox><xmin>141</xmin><ymin>348.359375</ymin><xmax>230</xmax><ymax>399.359375</ymax></bndbox></object><object><name>robot</name><bndbox><xmin>26</xmin><ymin>355.359375</ymin><xmax>126</xmax><ymax>421.359375</ymax></bndbox></object><object><name>yogaball</name><bndbox><xmin>180</xmin><ymin>132.359375</ymin><xmax>262</xmax><ymax>208.359375</ymax></bndbox></object><object><name>yogaball</name><bndbox><xmin>82</xmin><ymin>127.359375</ymin><xmax>157</xmax><ymax>204.359375</ymax></bndbox></object></annotation>