<annotation><filename>IMG_0493.jpg</filename><size><width>605</width><height>605</height><depth>3</depth></size><object><name>robot</name><bndbox><xmin>6</xmin><ymin>296</ymin><xmax>191</xmax><ymax>484</ymax></bndbox></object><object><name>yogaball</name><bndbox><xmin>16</xmin><ymin>181</ymin><xmax>109</xmax><ymax>271</ymax></bndbox></object><object><name>redball</name><bndbox><xmin>261</xmin><ymin>332</ymin><xmax>286</xmax><ymax>362</ymax></bndbox></object><object><name>blueball</name><bndbox><xmin>90</xmin><ymin>251</ymin><xmax>109</xmax><ymax>270</ymax></bndbox></object></annotation>