<annotation><filename>IMG_1600.jpg</filename><size><width>605</width><height>605</height><depth>3</depth></size><object><name>robot</name><bndbox><xmin>33</xmin><ymin>327.3625030517578</ymin><xmax>112</xmax><ymax>406.3625030517578</ymax></bndbox></object><object><name>yogaball</name><bndbox><xmin>174</xmin><ymin>347.3625030517578</ymin><xmax>256</xmax><ymax>434.3625030517578</ymax></bndbox></object><object><name>yogaball</name><bndbox><xmin>253</xmin><ymin>350.3625030517578</ymin><xmax>300</xmax><ymax>432.3625030517578</ymax></bndbox></object><object><name>robot</name><bndbox><xmin>356</xmin><ymin>328.3625030517578</ymin><xmax>414</xmax><ymax>392.3625030517578</ymax></bndbox></object><object><name>robot</name><bndbox><xmin>412</xmin><ymin>328.3625030517578</ymin><xmax>494</xmax><ymax>410.3625030517578</ymax></bndbox></object></annotation>