<annotation><filename>scene01921.jpg</filename><size><width>590</width><height>590</height><depth>3</depth></size><object><name>robot</name><bndbox><xmin>329</xmin><ymin>338</ymin><xmax>484</xmax><ymax>480</ymax></bndbox></object><object><name>yogaball</name><bndbox><xmin>0</xmin><ymin>302</ymin><xmax>88</xmax><ymax>506</ymax></bndbox></object><object><name>yogaball</name><bndbox><xmin>263</xmin><ymin>118</ymin><xmax>432</xmax><ymax>291</ymax></bndbox></object><object><name>redball</name><bndbox><xmin>184</xmin><ymin>422</ymin><xmax>210</xmax><ymax>446</ymax></bndbox></object></annotation>