<annotation><filename>scene01561.jpg</filename><size><width>590</width><height>590</height><depth>3</depth></size><object><name>robot</name><bndbox><xmin>120</xmin><ymin>58</ymin><xmax>456</xmax><ymax>436</ymax></bndbox></object><object><name>yogaball</name><bndbox><xmin>434</xmin><ymin>207</ymin><xmax>518</xmax><ymax>396</ymax></bndbox></object><object><name>yogaball</name><bndbox><xmin>106</xmin><ymin>231</ymin><xmax>131</xmax><ymax>353</ymax></bndbox></object><object><name>redball</name><bndbox><xmin>490</xmin><ymin>370</ymin><xmax>524</xmax><ymax>405</ymax></bndbox></object><object><name>blueball</name><bndbox><xmin>138</xmin><ymin>277</ymin><xmax>476</xmax><ymax>589</ymax></bndbox></object></annotation>