<annotation><filename>ScreenShot20170620at84942PM.jpg</filename><size><width>474</width><height>473</height><depth>3</depth></size><object><name>robot</name><bndbox><xmin>364</xmin><ymin>95</ymin><xmax>469</xmax><ymax>176</ymax></bndbox></object><object><name>robot</name><bndbox><xmin>213</xmin><ymin>23</ymin><xmax>292</xmax><ymax>101</ymax></bndbox></object><object><name>robot</name><bndbox><xmin>0</xmin><ymin>25</ymin><xmax>40</xmax><ymax>122</ymax></bndbox></object><object><name>robot</name><bndbox><xmin>432</xmin><ymin>353</ymin><xmax>474</xmax><ymax>449</ymax></bndbox></object></annotation>