<annotation><filename>ScreenShot20170620at72105PM.jpg</filename><size><width>525</width><height>525</height><depth>3</depth></size><object><name>robot</name><bndbox><xmin>119</xmin><ymin>236.8984375</ymin><xmax>219</xmax><ymax>336.8984375</ymax></bndbox></object><object><name>robot</name><bndbox><xmin>343</xmin><ymin>251.8984375</ymin><xmax>460</xmax><ymax>376.8984375</ymax></bndbox></object><object><name>robot</name><bndbox><xmin>455</xmin><ymin>221.8984375</ymin><xmax>525</xmax><ymax>336.8984375</ymax></bndbox></object><object><name>robot</name><bndbox><xmin>12</xmin><ymin>208.8984375</ymin><xmax>104</xmax><ymax>298.8984375</ymax></bndbox></object></annotation>