<annotation><filename>ScreenShot20170620at83328PM.jpg</filename><size><width>474</width><height>473</height><depth>3</depth></size><object><name>robot</name><bndbox><xmin>220</xmin><ymin>277.5249938964844</ymin><xmax>328</xmax><ymax>392.5249938964844</ymax></bndbox></object><object><name>robot</name><bndbox><xmin>46</xmin><ymin>249.52499389648438</ymin><xmax>115</xmax><ymax>317.5249938964844</ymax></bndbox></object><object><name>robot</name><bndbox><xmin>0</xmin><ymin>238.52499389648438</ymin><xmax>31</xmax><ymax>326.5249938964844</ymax></bndbox></object></annotation>