<annotation><filename>ScreenShot20170621at22828PM.jpg</filename><size><width>474</width><height>473</height><depth>3</depth></size><object><name>robot</name><bndbox><xmin>134</xmin><ymin>146.85000610351562</ymin><xmax>247</xmax><ymax>273.8500061035156</ymax></bndbox></object><object><name>robot</name><bndbox><xmin>284</xmin><ymin>76.85000610351562</ymin><xmax>357</xmax><ymax>159.85000610351562</ymax></bndbox></object><object><name>robot</name><bndbox><xmin>373</xmin><ymin>97.85000610351562</ymin><xmax>465</xmax><ymax>179.85000610351562</ymax></bndbox></object><object><name>robot</name><bndbox><xmin>38</xmin><ymin>123.85000610351562</ymin><xmax>127</xmax><ymax>221.85000610351562</ymax></bndbox></object></annotation>