<annotation><filename>ScreenShot20170620at80155PM.jpg</filename><size><width>525</width><height>525</height><depth>3</depth></size><object><name>yogaball</name><bndbox><xmin>165</xmin><ymin>225</ymin><xmax>257</xmax><ymax>316</ymax></bndbox></object><object><name>robot</name><bndbox><xmin>321</xmin><ymin>221</ymin><xmax>415</xmax><ymax>314</ymax></bndbox></object><object><name>robot</name><bndbox><xmin>3</xmin><ymin>214</ymin><xmax>86</xmax><ymax>298</ymax></bndbox></object><object><name>robot</name><bndbox><xmin>301</xmin><ymin>197</ymin><xmax>368</xmax><ymax>257</ymax></bndbox></object><object><name>yogaball</name><bndbox><xmin>452</xmin><ymin>241</ymin><xmax>525</xmax><ymax>352</ymax></bndbox></object><object><name>blueball</name><bndbox><xmin>1</xmin><ymin>358</ymin><xmax>25</xmax><ymax>385</ymax></bndbox></object><object><name>redball</name><bndbox><xmin>249</xmin><ymin>443</ymin><xmax>278</xmax><ymax>476</ymax></bndbox></object><object><name>redball</name><bndbox><xmin>492</xmin><ymin>347</ymin><xmax>518</xmax><ymax>373</ymax></bndbox></object></annotation>