<annotation><filename>ScreenShot20170620at84237PM.jpg</filename><size><width>474</width><height>473</height><depth>3</depth></size><object><name>robot</name><bndbox><xmin>234</xmin><ymin>328.8958320617676</ymin><xmax>354</xmax><ymax>435.8958320617676</ymax></bndbox></object><object><name>robot</name><bndbox><xmin>48</xmin><ymin>314.8958320617676</ymin><xmax>161</xmax><ymax>424.8958320617676</ymax></bndbox></object><object><name>robot</name><bndbox><xmin>0</xmin><ymin>399.8958320617676</ymin><xmax>30</xmax><ymax>446.8958320617676</ymax></bndbox></object></annotation>