<annotation><filename>ScreenShot20170620at84939PM.jpg</filename><size><width>474</width><height>473</height><depth>3</depth></size><object><name>robot</name><bndbox><xmin>78</xmin><ymin>175.3625030517578</ymin><xmax>182</xmax><ymax>262.3625030517578</ymax></bndbox></object><object><name>robot</name><bndbox><xmin>214</xmin><ymin>300.3625030517578</ymin><xmax>472</xmax><ymax>445.3625030517578</ymax></bndbox></object><object><name>robot</name><bndbox><xmin>312</xmin><ymin>194.3625030517578</ymin><xmax>448</xmax><ymax>312.3625030517578</ymax></bndbox></object></annotation>