<annotation><filename>ScreenShot20170620at83702PM.jpg</filename><size><width>474</width><height>473</height><depth>3</depth></size><object><name>robot</name><bndbox><xmin>229</xmin><ymin>95</ymin><xmax>356</xmax><ymax>227</ymax></bndbox></object><object><name>robot</name><bndbox><xmin>290</xmin><ymin>211</ymin><xmax>468</xmax><ymax>359</ymax></bndbox></object><object><name>robot</name><bndbox><xmin>88</xmin><ymin>329.39999771118164</ymin><xmax>385</xmax><ymax>450.39999771118164</ymax></bndbox></object></annotation>