<annotation><filename>ScreenShot20170620at84551PM.jpg</filename><size><width>474</width><height>473</height><depth>3</depth></size><object><name>robot</name><bndbox><xmin>5</xmin><ymin>187.359375</ymin><xmax>157</xmax><ymax>313.359375</ymax></bndbox></object><object><name>robot</name><bndbox><xmin>270</xmin><ymin>245.359375</ymin><xmax>472</xmax><ymax>444.359375</ymax></bndbox></object><object><name>robot</name><bndbox><xmin>223</xmin><ymin>53.359375</ymin><xmax>391</xmax><ymax>327.359375</ymax></bndbox></object></annotation>