<annotation><filename>ScreenShot20170621at20857PM.jpg</filename><size><width>474</width><height>473</height><depth>3</depth></size><object><name>robot</name><bndbox><xmin>350</xmin><ymin>320</ymin><xmax>433</xmax><ymax>381</ymax></bndbox></object><object><name>robot</name><bndbox><xmin>134</xmin><ymin>276.39999771118164</ymin><xmax>244</xmax><ymax>388.39999771118164</ymax></bndbox></object><object><name>robot</name><bndbox><xmin>4</xmin><ymin>337.39999771118164</ymin><xmax>132</xmax><ymax>450.39999771118164</ymax></bndbox></object></annotation>