<annotation><filename>ScreenShot20170620at84806PM.jpg</filename><size><width>474</width><height>473</height><depth>3</depth></size><object><name>robot</name><bndbox><xmin>82</xmin><ymin>304.3625030517578</ymin><xmax>170</xmax><ymax>381.3625030517578</ymax></bndbox></object><object><name>robot</name><bndbox><xmin>176</xmin><ymin>281.3625030517578</ymin><xmax>251</xmax><ymax>333.3625030517578</ymax></bndbox></object><object><name>robot</name><bndbox><xmin>288</xmin><ymin>262.3625030517578</ymin><xmax>344</xmax><ymax>328.3625030517578</ymax></bndbox></object><object><name>robot</name><bndbox><xmin>387</xmin><ymin>281.3625030517578</ymin><xmax>468</xmax><ymax>355.3625030517578</ymax></bndbox></object></annotation>