<annotation><filename>ScreenShot20170620at84005PM.jpg</filename><size><width>474</width><height>473</height><depth>3</depth></size><object><name>robot</name><bndbox><xmin>304</xmin><ymin>53.359375</ymin><xmax>417</xmax><ymax>147.359375</ymax></bndbox></object><object><name>robot</name><bndbox><xmin>7</xmin><ymin>77.359375</ymin><xmax>124</xmax><ymax>182.359375</ymax></bndbox></object><object><name>robot</name><bndbox><xmin>55</xmin><ymin>298.359375</ymin><xmax>240</xmax><ymax>450.359375</ymax></bndbox></object></annotation>