<annotation><filename>ScreenShot20170620at84404PM.jpg</filename><size><width>474</width><height>473</height><depth>3</depth></size><object><name>robot</name><bndbox><xmin>154</xmin><ymin>210.52499389648438</ymin><xmax>292</xmax><ymax>315.5249938964844</ymax></bndbox></object><object><name>robot</name><bndbox><xmin>193</xmin><ymin>142.52499389648438</ymin><xmax>286</xmax><ymax>251.52499389648438</ymax></bndbox></object><object><name>robot</name><bndbox><xmin>290</xmin><ymin>279.5249938964844</ymin><xmax>431</xmax><ymax>442.5249938964844</ymax></bndbox></object><object><name>robot</name><bndbox><xmin>431</xmin><ymin>220.52499389648438</ymin><xmax>474</xmax><ymax>314.5249938964844</ymax></bndbox></object></annotation>