<annotation><filename>ScreenShot20170621at22850PM.jpg</filename><size><width>474</width><height>473</height><depth>3</depth></size><object><name>robot</name><bndbox><xmin>28</xmin><ymin>194.359375</ymin><xmax>222</xmax><ymax>366.359375</ymax></bndbox></object><object><name>robot</name><bndbox><xmin>173</xmin><ymin>116.359375</ymin><xmax>274</xmax><ymax>234.359375</ymax></bndbox></object><object><name>robot</name><bndbox><xmin>340</xmin><ymin>129.359375</ymin><xmax>454</xmax><ymax>241.359375</ymax></bndbox></object><object><name>robot</name><bndbox><xmin>294</xmin><ymin>89.359375</ymin><xmax>373</xmax><ymax>178.359375</ymax></bndbox></object></annotation>