<annotation><filename>ScreenShot20170620at83701PM.jpg</filename><size><width>474</width><height>473</height><depth>3</depth></size><object><name>robot</name><bndbox><xmin>98</xmin><ymin>274.125</ymin><xmax>336</xmax><ymax>451.125</ymax></bndbox></object><object><name>robot</name><bndbox><xmin>205</xmin><ymin>112.125</ymin><xmax>359</xmax><ymax>268.125</ymax></bndbox></object><object><name>robot</name><bndbox><xmin>169</xmin><ymin>52.125</ymin><xmax>302</xmax><ymax>164.125</ymax></bndbox></object></annotation>