<annotation><filename>ScreenShot20170620at72017PM.jpg</filename><size><width>525</width><height>525</height><depth>3</depth></size><object><name>robot</name><bndbox><xmin>444.0084037780762</xmin><ymin>185.14706420898438</ymin><xmax>522.0084037780762</xmax><ymax>279.1470642089844</ymax></bndbox></object><object><name>robot</name><bndbox><xmin>218.00840377807617</xmin><ymin>193.14706420898438</ymin><xmax>283.0084037780762</xmax><ymax>260.1470642089844</ymax></bndbox></object><object><name>robot</name><bndbox><xmin>88.00840377807617</xmin><ymin>210.14706420898438</ymin><xmax>167.00840377807617</xmax><ymax>270.1470642089844</ymax></bndbox></object><object><name>robot</name><bndbox><xmin>28.008403778076172</xmin><ymin>288.1470642089844</ymin><xmax>112.00840377807617</xmax><ymax>380.1470642089844</ymax></bndbox></object></annotation>