<annotation><filename>ScreenShot20170620at72049PM.jpg</filename><size><width>525</width><height>525</height><depth>3</depth></size><object><name>robot</name><bndbox><xmin>158</xmin><ymin>240.4375</ymin><xmax>263</xmax><ymax>347.4375</ymax></bndbox></object><object><name>robot</name><bndbox><xmin>13</xmin><ymin>280.4375</ymin><xmax>133</xmax><ymax>391.4375</ymax></bndbox></object><object><name>robot</name><bndbox><xmin>320</xmin><ymin>246.4375</ymin><xmax>438</xmax><ymax>368.4375</ymax></bndbox></object><object><name>robot</name><bndbox><xmin>496</xmin><ymin>228.4375</ymin><xmax>525</xmax><ymax>316.4375</ymax></bndbox></object></annotation>