<annotation><filename>ScreenShot20170620at84321PM.jpg</filename><size><width>474</width><height>473</height><depth>3</depth></size><object><name>robot</name><bndbox><xmin>271</xmin><ymin>83.96249389648438</ymin><xmax>427</xmax><ymax>240.96249389648438</ymax></bndbox></object><object><name>robot</name><bndbox><xmin>137</xmin><ymin>152.96249389648438</ymin><xmax>297</xmax><ymax>308.9624938964844</ymax></bndbox></object><object><name>robot</name><bndbox><xmin>0</xmin><ymin>194.96249389648438</ymin><xmax>164</xmax><ymax>394.9624938964844</ymax></bndbox></object></annotation>