<annotation><filename>ScreenShot20170621at22824PM.jpg</filename><size><width>474</width><height>473</height><depth>3</depth></size><object><name>robot</name><bndbox><xmin>32</xmin><ymin>262.3625030517578</ymin><xmax>116</xmax><ymax>354.3625030517578</ymax></bndbox></object><object><name>robot</name><bndbox><xmin>114</xmin><ymin>224.3625030517578</ymin><xmax>196</xmax><ymax>310.3625030517578</ymax></bndbox></object><object><name>robot</name><bndbox><xmin>275</xmin><ymin>221.3625030517578</ymin><xmax>345</xmax><ymax>290.3625030517578</ymax></bndbox></object><object><name>robot</name><bndbox><xmin>364</xmin><ymin>247.3625030517578</ymin><xmax>451</xmax><ymax>311.3625030517578</ymax></bndbox></object></annotation>