<annotation><filename>ScreenShot20170620at84133PM.jpg</filename><size><width>474</width><height>473</height><depth>3</depth></size><object><name>robot</name><bndbox><xmin>68</xmin><ymin>279.5249938964844</ymin><xmax>191</xmax><ymax>410.5249938964844</ymax></bndbox></object><object><name>robot</name><bndbox><xmin>56</xmin><ymin>177.52499389648438</ymin><xmax>161</xmax><ymax>267.5249938964844</ymax></bndbox></object><object><name>robot</name><bndbox><xmin>378</xmin><ymin>210.52499389648438</ymin><xmax>474</xmax><ymax>307.5249938964844</ymax></bndbox></object><object><name>robot</name><bndbox><xmin>0</xmin><ymin>238.52499389648438</ymin><xmax>29</xmax><ymax>346.5249938964844</ymax></bndbox></object></annotation>