<annotation><filename>ScreenShot20170621at21141PM.jpg</filename><size><width>474</width><height>473</height><depth>3</depth></size><object><name>robot</name><bndbox><xmin>27</xmin><ymin>99.8984375</ymin><xmax>201</xmax><ymax>281.8984375</ymax></bndbox></object><object><name>robot</name><bndbox><xmin>0</xmin><ymin>287.8984375</ymin><xmax>123</xmax><ymax>450.8984375</ymax></bndbox></object><object><name>robot</name><bndbox><xmin>398</xmin><ymin>42.8984375</ymin><xmax>474</xmax><ymax>185.8984375</ymax></bndbox></object></annotation>