<annotation><filename>ScreenShot20170620at83825PM.jpg</filename><size><width>474</width><height>473</height><depth>3</depth></size><object><name>robot</name><bndbox><xmin>158</xmin><ymin>216.4375</ymin><xmax>420</xmax><ymax>444.4375</ymax></bndbox></object><object><name>robot</name><bndbox><xmin>78</xmin><ymin>42.4375</ymin><xmax>230</xmax><ymax>214.4375</ymax></bndbox></object><object><name>robot</name><bndbox><xmin>244</xmin><ymin>58.4375</ymin><xmax>468</xmax><ymax>246.4375</ymax></bndbox></object><object><name>robot</name><bndbox><xmin>4</xmin><ymin>196.4375</ymin><xmax>72</xmax><ymax>400.4375</ymax></bndbox></object></annotation>