<annotation><filename>ScreenShot20170621at20751PM.jpg</filename><size><width>474</width><height>473</height><depth>3</depth></size><object><name>robot</name><bndbox><xmin>252</xmin><ymin>198.52499389648438</ymin><xmax>391</xmax><ymax>389.5249938964844</ymax></bndbox></object><object><name>robot</name><bndbox><xmin>288</xmin><ymin>51.524993896484375</ymin><xmax>368</xmax><ymax>122.52499389648438</ymax></bndbox></object><object><name>robot</name><bndbox><xmin>388</xmin><ymin>57.524993896484375</ymin><xmax>474</xmax><ymax>150.52499389648438</ymax></bndbox></object><object><name>robot</name><bndbox><xmin>0</xmin><ymin>176.52499389648438</ymin><xmax>50</xmax><ymax>310.5249938964844</ymax></bndbox></object></annotation>