<annotation><filename>ScreenShot20170621at20339PM.jpg</filename><size><width>474</width><height>473</height><depth>3</depth></size><object><name>robot</name><bndbox><xmin>314</xmin><ymin>240.8359375</ymin><xmax>404</xmax><ymax>335.8359375</ymax></bndbox></object><object><name>robot</name><bndbox><xmin>191</xmin><ymin>228.8359375</ymin><xmax>258</xmax><ymax>295.8359375</ymax></bndbox></object><object><name>robot</name><bndbox><xmin>167</xmin><ymin>294.8359375</ymin><xmax>253</xmax><ymax>359.8359375</ymax></bndbox></object></annotation>