<annotation><filename>ScreenShot20170620at84736PM.jpg</filename><size><width>474</width><height>473</height><depth>3</depth></size><object><name>robot</name><bndbox><xmin>72</xmin><ymin>210.52499389648438</ymin><xmax>160</xmax><ymax>289.5249938964844</ymax></bndbox></object><object><name>robot</name><bndbox><xmin>105</xmin><ymin>157.52499389648438</ymin><xmax>180</xmax><ymax>230.52499389648438</ymax></bndbox></object><object><name>robot</name><bndbox><xmin>289</xmin><ymin>213.22916412353516</ymin><xmax>388</xmax><ymax>297.22916412353516</ymax></bndbox></object><object><name>robot</name><bndbox><xmin>336</xmin><ymin>176.22916412353516</ymin><xmax>416</xmax><ymax>248.22916412353516</ymax></bndbox></object></annotation>