<annotation><filename>ScreenShot20170620at84953PM.jpg</filename><size><width>474</width><height>473</height><depth>3</depth></size><object><name>robot</name><bndbox><xmin>0</xmin><ymin>261.3625030517578</ymin><xmax>69</xmax><ymax>358.3625030517578</ymax></bndbox></object><object><name>robot</name><bndbox><xmin>112</xmin><ymin>250.3625030517578</ymin><xmax>196</xmax><ymax>338.3625030517578</ymax></bndbox></object><object><name>robot</name><bndbox><xmin>198</xmin><ymin>272.3625030517578</ymin><xmax>282</xmax><ymax>357.3625030517578</ymax></bndbox></object><object><name>robot</name><bndbox><xmin>222</xmin><ymin>318.3625030517578</ymin><xmax>348</xmax><ymax>445.3625030517578</ymax></bndbox></object></annotation>