<annotation><filename>ScreenShot20170621at20557PM.jpg</filename><size><width>474</width><height>473</height><depth>3</depth></size><object><name>robot</name><bndbox><xmin>112</xmin><ymin>235.3249969482422</ymin><xmax>264</xmax><ymax>437.3249969482422</ymax></bndbox></object><object><name>robot</name><bndbox><xmin>150</xmin><ymin>83.32499694824219</ymin><xmax>285</xmax><ymax>179.3249969482422</ymax></bndbox></object><object><name>robot</name><bndbox><xmin>389</xmin><ymin>89.32499694824219</ymin><xmax>474</xmax><ymax>191.3249969482422</ymax></bndbox></object></annotation>