<annotation><filename>ScreenShot20170620at83809PM.jpg</filename><size><width>474</width><height>473</height><depth>3</depth></size><object><name>robot</name><bndbox><xmin>258</xmin><ymin>83.4375</ymin><xmax>375</xmax><ymax>180.4375</ymax></bndbox></object><object><name>robot</name><bndbox><xmin>53</xmin><ymin>182.4375</ymin><xmax>216</xmax><ymax>342.4375</ymax></bndbox></object><object><name>robot</name><bndbox><xmin>211</xmin><ymin>181.4375</ymin><xmax>346</xmax><ymax>304.4375</ymax></bndbox></object></annotation>