<annotation><filename>ScreenShot20170620at84554PM.jpg</filename><size><width>474</width><height>473</height><depth>3</depth></size><object><name>robot</name><bndbox><xmin>248</xmin><ymin>243.52499389648438</ymin><xmax>455</xmax><ymax>448.5249938964844</ymax></bndbox></object><object><name>robot</name><bndbox><xmin>0</xmin><ymin>186.52499389648438</ymin><xmax>98</xmax><ymax>322.5249938964844</ymax></bndbox></object><object><name>robot</name><bndbox><xmin>93</xmin><ymin>36.524993896484375</ymin><xmax>240</xmax><ymax>294.5249938964844</ymax></bndbox></object><object><name>robot</name><bndbox><xmin>237</xmin><ymin>124.52499389648438</ymin><xmax>397</xmax><ymax>258.5249938964844</ymax></bndbox></object></annotation>