<annotation><filename>ScreenShot20170620at71936PM.jpg</filename><size><width>525</width><height>525</height><depth>3</depth></size><object><name>robot</name><bndbox><xmin>180</xmin><ymin>75.32499694824219</ymin><xmax>348</xmax><ymax>285.3249969482422</ymax></bndbox></object><object><name>robot</name><bndbox><xmin>425</xmin><ymin>213.3249969482422</ymin><xmax>525</xmax><ymax>367.3249969482422</ymax></bndbox></object><object><name>robot</name><bndbox><xmin>1</xmin><ymin>255.3249969482422</ymin><xmax>88</xmax><ymax>431.3249969482422</ymax></bndbox></object></annotation>