<annotation><filename>ScreenShot20170620at72704PM.jpg</filename><size><width>525</width><height>525</height><depth>3</depth></size><object><name>robot</name><bndbox><xmin>88</xmin><ymin>189</ymin><xmax>247</xmax><ymax>376</ymax></bndbox></object><object><name>yogaball</name><bndbox><xmin>365</xmin><ymin>125</ymin><xmax>478</xmax><ymax>235</ymax></bndbox></object><object><name>redball</name><bndbox><xmin>389</xmin><ymin>345.71428298950195</ymin><xmax>418</xmax><ymax>377.71428298950195</ymax></bndbox></object><object><name>blueball</name><bndbox><xmin>56</xmin><ymin>224</ymin><xmax>82</xmax><ymax>249</ymax></bndbox></object></annotation>