<annotation><filename>ScreenShot20170620at72053PM.jpg</filename><size><width>525</width><height>525</height><depth>3</depth></size><object><name>robot</name><bndbox><xmin>372</xmin><ymin>274.8984375</ymin><xmax>525</xmax><ymax>381.8984375</ymax></bndbox></object><object><name>robot</name><bndbox><xmin>248</xmin><ymin>223.8984375</ymin><xmax>355</xmax><ymax>339.8984375</ymax></bndbox></object><object><name>robot</name><bndbox><xmin>147</xmin><ymin>228.8984375</ymin><xmax>235</xmax><ymax>324.8984375</ymax></bndbox></object><object><name>robot</name><bndbox><xmin>0</xmin><ymin>255.8984375</ymin><xmax>86</xmax><ymax>359.8984375</ymax></bndbox></object></annotation>