<annotation><filename>ScreenShot20170621at15804PM.jpg</filename><size><width>474</width><height>473</height><depth>3</depth></size><object><name>robot</name><bndbox><xmin>309</xmin><ymin>279</ymin><xmax>419</xmax><ymax>442</ymax></bndbox></object><object><name>robot</name><bndbox><xmin>124</xmin><ymin>175</ymin><xmax>189</xmax><ymax>242</ymax></bndbox></object><object><name>robot</name><bndbox><xmin>280</xmin><ymin>175</ymin><xmax>347</xmax><ymax>238</ymax></bndbox></object><object><name>robot</name><bndbox><xmin>0</xmin><ymin>226</ymin><xmax>68</xmax><ymax>346</ymax></bndbox></object><object><name>yogaball</name><bndbox><xmin>47</xmin><ymin>286</ymin><xmax>186</xmax><ymax>428</ymax></bndbox></object><object><name>yogaball</name><bndbox><xmin>367</xmin><ymin>251</ymin><xmax>474</xmax><ymax>370</ymax></bndbox></object></annotation>