<annotation><filename>ScreenShot20170620at84400PM.jpg</filename><size><width>474</width><height>473</height><depth>3</depth></size><object><name>robot</name><bndbox><xmin>90</xmin><ymin>257.8500061035156</ymin><xmax>260</xmax><ymax>419.8500061035156</ymax></bndbox></object><object><name>robot</name><bndbox><xmin>281</xmin><ymin>122.85000610351562</ymin><xmax>352</xmax><ymax>191.85000610351562</ymax></bndbox></object><object><name>robot</name><bndbox><xmin>0</xmin><ymin>188.85000610351562</ymin><xmax>40</xmax><ymax>283.8500061035156</ymax></bndbox></object></annotation>