<annotation><filename>ScreenShot20170620at84142PM.jpg</filename><size><width>474</width><height>473</height><depth>3</depth></size><object><name>robot</name><bndbox><xmin>12</xmin><ymin>213.8984375</ymin><xmax>199</xmax><ymax>386.8984375</ymax></bndbox></object><object><name>robot</name><bndbox><xmin>176</xmin><ymin>152.8984375</ymin><xmax>289</xmax><ymax>261.8984375</ymax></bndbox></object><object><name>robot</name><bndbox><xmin>295</xmin><ymin>220.8984375</ymin><xmax>455</xmax><ymax>372.8984375</ymax></bndbox></object><object><name>robot</name><bndbox><xmin>445</xmin><ymin>202.8984375</ymin><xmax>474</xmax><ymax>277.8984375</ymax></bndbox></object></annotation>