<annotation><filename>ScreenShot20170620at72045PM.jpg</filename><size><width>525</width><height>525</height><depth>3</depth></size><object><name>robot</name><bndbox><xmin>43</xmin><ymin>225.8984375</ymin><xmax>154</xmax><ymax>338.8984375</ymax></bndbox></object><object><name>robot</name><bndbox><xmin>211</xmin><ymin>187.8984375</ymin><xmax>283</xmax><ymax>270.8984375</ymax></bndbox></object><object><name>robot</name><bndbox><xmin>378</xmin><ymin>196.8984375</ymin><xmax>469</xmax><ymax>296.8984375</ymax></bndbox></object><object><name>robot</name><bndbox><xmin>294</xmin><ymin>260.8984375</ymin><xmax>418</xmax><ymax>374.8984375</ymax></bndbox></object></annotation>