<annotation><filename>ScreenShot20170620at80237PM.jpg</filename><size><width>525</width><height>525</height><depth>3</depth></size><object><name>yogaball</name><bndbox><xmin>83</xmin><ymin>264.5249938964844</ymin><xmax>203</xmax><ymax>393.5249938964844</ymax></bndbox></object><object><name>yogaball</name><bndbox><xmin>0</xmin><ymin>272.5249938964844</ymin><xmax>64</xmax><ymax>402.5249938964844</ymax></bndbox></object><object><name>robot</name><bndbox><xmin>270</xmin><ymin>267.5249938964844</ymin><xmax>413</xmax><ymax>398.5249938964844</ymax></bndbox></object></annotation>