<annotation><filename>ScreenShot20170620at84646PM.jpg</filename><size><width>474</width><height>473</height><depth>3</depth></size><object><name>robot</name><bndbox><xmin>262</xmin><ymin>32.524993896484375</ymin><xmax>447</xmax><ymax>211.52499389648438</ymax></bndbox></object><object><name>robot</name><bndbox><xmin>394</xmin><ymin>189.52499389648438</ymin><xmax>474</xmax><ymax>429.5249938964844</ymax></bndbox></object><object><name>robot</name><bndbox><xmin>0</xmin><ymin>253.52499389648438</ymin><xmax>160</xmax><ymax>404.5249938964844</ymax></bndbox></object></annotation>