<annotation><filename>ScreenShot20170621at21031PM.jpg</filename><size><width>474</width><height>473</height><depth>3</depth></size><object><name>robot</name><bndbox><xmin>387</xmin><ymin>35.850006103515625</ymin><xmax>474</xmax><ymax>142.85000610351562</ymax></bndbox></object><object><name>robot</name><bndbox><xmin>265</xmin><ymin>104.85000610351562</ymin><xmax>368</xmax><ymax>185.85000610351562</ymax></bndbox></object><object><name>robot</name><bndbox><xmin>205</xmin><ymin>176.85000610351562</ymin><xmax>344</xmax><ymax>313.8500061035156</ymax></bndbox></object></annotation>