<annotation><filename>ScreenShot20170620at84726PM.jpg</filename><size><width>474</width><height>473</height><depth>3</depth></size><object><name>robot</name><bndbox><xmin>2</xmin><ymin>270.5249938964844</ymin><xmax>89</xmax><ymax>339.5249938964844</ymax></bndbox></object><object><name>robot</name><bndbox><xmin>152</xmin><ymin>238.52499389648438</ymin><xmax>232</xmax><ymax>304.5249938964844</ymax></bndbox></object><object><name>robot</name><bndbox><xmin>257</xmin><ymin>232.52499389648438</ymin><xmax>320</xmax><ymax>316.5249938964844</ymax></bndbox></object><object><name>robot</name><bndbox><xmin>355</xmin><ymin>275.5249938964844</ymin><xmax>459</xmax><ymax>367.5249938964844</ymax></bndbox></object></annotation>