<annotation><filename>ScreenShot20170620at72138PM.jpg</filename><size><width>525</width><height>525</height><depth>3</depth></size><object><name>robot</name><bndbox><xmin>71</xmin><ymin>226.125</ymin><xmax>175</xmax><ymax>341.125</ymax></bndbox></object><object><name>robot</name><bndbox><xmin>229</xmin><ymin>264.125</ymin><xmax>301</xmax><ymax>331.125</ymax></bndbox></object><object><name>robot</name><bndbox><xmin>323</xmin><ymin>256.125</ymin><xmax>412</xmax><ymax>344.125</ymax></bndbox></object></annotation>