<annotation><filename>ScreenShot20170620at84630PM.jpg</filename><size><width>474</width><height>473</height><depth>3</depth></size><object><name>robot</name><bndbox><xmin>44</xmin><ymin>206.796875</ymin><xmax>234</xmax><ymax>329.796875</ymax></bndbox></object><object><name>robot</name><bndbox><xmin>358</xmin><ymin>22.796875</ymin><xmax>474</xmax><ymax>59.796875</ymax></bndbox></object><object><name>robot</name><bndbox><xmin>22</xmin><ymin>17.796875</ymin><xmax>167</xmax><ymax>131.796875</ymax></bndbox></object></annotation>