<annotation><filename>ScreenShot20170621at20924PM.jpg</filename><size><width>474</width><height>473</height><depth>3</depth></size><object><name>robot</name><bndbox><xmin>330</xmin><ymin>89.359375</ymin><xmax>408</xmax><ymax>155.359375</ymax></bndbox></object><object><name>robot</name><bndbox><xmin>230</xmin><ymin>79.359375</ymin><xmax>302</xmax><ymax>143.359375</ymax></bndbox></object><object><name>robot</name><bndbox><xmin>67</xmin><ymin>55.359375</ymin><xmax>152</xmax><ymax>155.359375</ymax></bndbox></object><object><name>robot</name><bndbox><xmin>2</xmin><ymin>109.359375</ymin><xmax>65</xmax><ymax>216.359375</ymax></bndbox></object></annotation>