<annotation><filename>ScreenShot20170621at15815PM.jpg</filename><size><width>474</width><height>473</height><depth>3</depth></size><object><name>robot</name><bndbox><xmin>248</xmin><ymin>232.359375</ymin><xmax>333</xmax><ymax>354.359375</ymax></bndbox></object><object><name>robot</name><bndbox><xmin>158</xmin><ymin>160.359375</ymin><xmax>232</xmax><ymax>257.359375</ymax></bndbox></object><object><name>robot</name><bndbox><xmin>281</xmin><ymin>137.359375</ymin><xmax>362</xmax><ymax>203.359375</ymax></bndbox></object><object><name>robot</name><bndbox><xmin>69</xmin><ymin>152.359375</ymin><xmax>148</xmax><ymax>219.359375</ymax></bndbox></object><object><name>robot</name><bndbox><xmin>62</xmin><ymin>228.359375</ymin><xmax>138</xmax><ymax>283.359375</ymax></bndbox></object><object><name>yogaball</name><bndbox><xmin>61</xmin><ymin>254.359375</ymin><xmax>194</xmax><ymax>385.359375</ymax></bndbox></object><object><name>yogaball</name><bndbox><xmin>315</xmin><ymin>213.359375</ymin><xmax>438</xmax><ymax>332.359375</ymax></bndbox></object></annotation>