<annotation><filename>ScreenShot20170621at20458PM.jpg</filename><size><width>474</width><height>473</height><depth>3</depth></size><object><name>robot</name><bndbox><xmin>109</xmin><ymin>189.359375</ymin><xmax>287</xmax><ymax>387.359375</ymax></bndbox></object><object><name>robot</name><bndbox><xmin>14</xmin><ymin>21.359375</ymin><xmax>120</xmax><ymax>87.359375</ymax></bndbox></object><object><name>robot</name><bndbox><xmin>295</xmin><ymin>21.359375</ymin><xmax>389</xmax><ymax>76.359375</ymax></bndbox></object><object><name>robot</name><bndbox><xmin>396</xmin><ymin>85.359375</ymin><xmax>474</xmax><ymax>223.359375</ymax></bndbox></object></annotation>