<annotation><filename>ScreenShot20170621at20741PM.jpg</filename><size><width>474</width><height>473</height><depth>3</depth></size><object><name>robot</name><bndbox><xmin>367</xmin><ymin>72.85000610351562</ymin><xmax>444</xmax><ymax>144.85000610351562</ymax></bndbox></object><object><name>robot</name><bndbox><xmin>398</xmin><ymin>252.85000610351562</ymin><xmax>474</xmax><ymax>414.8500061035156</ymax></bndbox></object><object><name>robot</name><bndbox><xmin>2</xmin><ymin>184.85000610351562</ymin><xmax>112</xmax><ymax>306.8500061035156</ymax></bndbox></object></annotation>