<annotation><filename>ScreenShot20170621at22848PM.jpg</filename><size><width>474</width><height>473</height><depth>3</depth></size><object><name>robot</name><bndbox><xmin>346</xmin><ymin>150.85000610351562</ymin><xmax>438</xmax><ymax>260.8500061035156</ymax></bndbox></object><object><name>robot</name><bndbox><xmin>251</xmin><ymin>104.85000610351562</ymin><xmax>340</xmax><ymax>192.85000610351562</ymax></bndbox></object><object><name>robot</name><bndbox><xmin>172</xmin><ymin>143.85000610351562</ymin><xmax>279</xmax><ymax>236.85000610351562</ymax></bndbox></object><object><name>robot</name><bndbox><xmin>10</xmin><ymin>215.85000610351562</ymin><xmax>180</xmax><ymax>393.8500061035156</ymax></bndbox></object></annotation>