<annotation><filename>ScreenShot20170621at15931PM.jpg</filename><size><width>474</width><height>473</height><depth>3</depth></size><object><name>robot</name><bndbox><xmin>168</xmin><ymin>232</ymin><xmax>297</xmax><ymax>347</ymax></bndbox></object><object><name>yogaball</name><bndbox><xmin>99</xmin><ymin>171</ymin><xmax>186</xmax><ymax>260</ymax></bndbox></object><object><name>robot</name><bndbox><xmin>280</xmin><ymin>158</ymin><xmax>367</xmax><ymax>232</ymax></bndbox></object><object><name>robot</name><bndbox><xmin>390</xmin><ymin>177</ymin><xmax>474</xmax><ymax>278</ymax></bndbox></object><object><name>redball</name><bndbox><xmin>77</xmin><ymin>358</ymin><xmax>103</xmax><ymax>386</ymax></bndbox></object></annotation>