<annotation><filename>ScreenShot20170620at83659PM.jpg</filename><size><width>474</width><height>473</height><depth>3</depth></size><object><name>robot</name><bndbox><xmin>111</xmin><ymin>113.72500610351562</ymin><xmax>224</xmax><ymax>244.72500610351562</ymax></bndbox></object><object><name>robot</name><bndbox><xmin>59</xmin><ymin>323.5249938964844</ymin><xmax>288</xmax><ymax>453.5249938964844</ymax></bndbox></object><object><name>robot</name><bndbox><xmin>3</xmin><ymin>168.52499389648438</ymin><xmax>116</xmax><ymax>311.5249938964844</ymax></bndbox></object></annotation>