<annotation><filename>ScreenShot20170621at15920PM.jpg</filename><size><width>474</width><height>473</height><depth>3</depth></size><object><name>yogaball</name><bndbox><xmin>120</xmin><ymin>168</ymin><xmax>211</xmax><ymax>253</ymax></bndbox></object><object><name>robot</name><bndbox><xmin>353</xmin><ymin>234</ymin><xmax>465</xmax><ymax>359</ymax></bndbox></object><object><name>robot</name><bndbox><xmin>226</xmin><ymin>155</ymin><xmax>315</xmax><ymax>233</ymax></bndbox></object><object><name>robot</name><bndbox><xmin>300</xmin><ymin>160</ymin><xmax>382</xmax><ymax>238</ymax></bndbox></object><object><name>redball</name><bndbox><xmin>98</xmin><ymin>350</ymin><xmax>123</xmax><ymax>376</ymax></bndbox></object><object><name>blueball</name><bndbox><xmin>418</xmin><ymin>222</ymin><xmax>434</xmax><ymax>236</ymax></bndbox></object></annotation>