<annotation><filename>ScreenShot20170621at15731PM.jpg</filename><size><width>474</width><height>473</height><depth>3</depth></size><object><name>robot</name><bndbox><xmin>388</xmin><ymin>254</ymin><xmax>474</xmax><ymax>443</ymax></bndbox></object><object><name>robot</name><bndbox><xmin>0</xmin><ymin>240</ymin><xmax>76</xmax><ymax>395</ymax></bndbox></object><object><name>robot</name><bndbox><xmin>10</xmin><ymin>127</ymin><xmax>134</xmax><ymax>283</ymax></bndbox></object><object><name>robot</name><bndbox><xmin>311</xmin><ymin>21</ymin><xmax>428</xmax><ymax>260</ymax></bndbox></object></annotation>