<annotation><filename>ScreenShot20170620at83821PM.jpg</filename><size><width>474</width><height>473</height><depth>3</depth></size><object><name>robot</name><bndbox><xmin>89</xmin><ymin>84.52499389648438</ymin><xmax>254</xmax><ymax>198.52499389648438</ymax></bndbox></object><object><name>robot</name><bndbox><xmin>227</xmin><ymin>134.52499389648438</ymin><xmax>453</xmax><ymax>335.5249938964844</ymax></bndbox></object><object><name>robot</name><bndbox><xmin>0</xmin><ymin>142.52499389648438</ymin><xmax>68</xmax><ymax>410.5249938964844</ymax></bndbox></object></annotation>