<annotation><filename>ScreenShot20170621at22856PM.jpg</filename><size><width>474</width><height>473</height><depth>3</depth></size><object><name>robot</name><bndbox><xmin>392</xmin><ymin>141.125</ymin><xmax>474</xmax><ymax>257.125</ymax></bndbox></object><object><name>robot</name><bndbox><xmin>317</xmin><ymin>68.125</ymin><xmax>408</xmax><ymax>159.125</ymax></bndbox></object><object><name>robot</name><bndbox><xmin>28</xmin><ymin>240.125</ymin><xmax>212</xmax><ymax>420.125</ymax></bndbox></object><object><name>robot</name><bndbox><xmin>0</xmin><ymin>216.125</ymin><xmax>70</xmax><ymax>334.125</ymax></bndbox></object></annotation>