<annotation><filename>ScreenShot20170620at84248PM.jpg</filename><size><width>474</width><height>473</height><depth>3</depth></size><object><name>robot</name><bndbox><xmin>75</xmin><ymin>219.796875</ymin><xmax>173</xmax><ymax>329.796875</ymax></bndbox></object><object><name>robot</name><bndbox><xmin>149</xmin><ymin>180.796875</ymin><xmax>225</xmax><ymax>248.796875</ymax></bndbox></object><object><name>robot</name><bndbox><xmin>1</xmin><ymin>245.796875</ymin><xmax>55</xmax><ymax>310.796875</ymax></bndbox></object></annotation>