<annotation><filename>ScreenShot20170620at83339PM.jpg</filename><size><width>474</width><height>473</height><depth>3</depth></size><object><name>robot</name><bndbox><xmin>348</xmin><ymin>98.52499389648438</ymin><xmax>468</xmax><ymax>230.52499389648438</ymax></bndbox></object><object><name>robot</name><bndbox><xmin>32</xmin><ymin>178.52499389648438</ymin><xmax>199</xmax><ymax>373.5249938964844</ymax></bndbox></object><object><name>robot</name><bndbox><xmin>1</xmin><ymin>70.52499389648438</ymin><xmax>56</xmax><ymax>140.52499389648438</ymax></bndbox></object></annotation>