<annotation><filename>ScreenShot20170621at20901PM.jpg</filename><size><width>474</width><height>473</height><depth>3</depth></size><object><name>robot</name><bndbox><xmin>44</xmin><ymin>318.5249938964844</ymin><xmax>156</xmax><ymax>415.5249938964844</ymax></bndbox></object><object><name>robot</name><bndbox><xmin>160</xmin><ymin>268.5249938964844</ymin><xmax>244</xmax><ymax>362.5249938964844</ymax></bndbox></object><object><name>robot</name><bndbox><xmin>321</xmin><ymin>293.5249938964844</ymin><xmax>394</xmax><ymax>355.5249938964844</ymax></bndbox></object><object><name>robot</name><bndbox><xmin>432</xmin><ymin>304.5249938964844</ymin><xmax>474</xmax><ymax>378.5249938964844</ymax></bndbox></object></annotation>