<annotation><filename>ScreenShot20170620at84029PM.jpg</filename><size><width>474</width><height>473</height><depth>3</depth></size><object><name>robot</name><bndbox><xmin>26</xmin><ymin>179.52499389648438</ymin><xmax>251</xmax><ymax>399.5249938964844</ymax></bndbox></object><object><name>robot</name><bndbox><xmin>0</xmin><ymin>239.52499389648438</ymin><xmax>22</xmax><ymax>382.5249938964844</ymax></bndbox></object><object><name>robot</name><bndbox><xmin>232</xmin><ymin>158.52499389648438</ymin><xmax>473</xmax><ymax>411.5249938964844</ymax></bndbox></object></annotation>