<annotation><filename>ScreenShot20170621at15924PM.jpg</filename><size><width>474</width><height>473</height><depth>3</depth></size><object><name>robot</name><bndbox><xmin>239</xmin><ymin>164</ymin><xmax>316</xmax><ymax>236</ymax></bndbox></object><object><name>robot</name><bndbox><xmin>328</xmin><ymin>194</ymin><xmax>420</xmax><ymax>261</ymax></bndbox></object><object><name>robot</name><bndbox><xmin>361</xmin><ymin>235</ymin><xmax>474</xmax><ymax>342</ymax></bndbox></object><object><name>yogaball</name><bndbox><xmin>120</xmin><ymin>168</ymin><xmax>212</xmax><ymax>254</ymax></bndbox></object><object><name>redball</name><bndbox><xmin>96</xmin><ymin>350</ymin><xmax>122</xmax><ymax>378</ymax></bndbox></object></annotation>