<annotation><filename>ScreenShot20170620at72102PM.jpg</filename><size><width>525</width><height>525</height><depth>3</depth></size><object><name>robot</name><bndbox><xmin>363</xmin><ymin>193.359375</ymin><xmax>444</xmax><ymax>291.359375</ymax></bndbox></object><object><name>robot</name><bndbox><xmin>40</xmin><ymin>207.359375</ymin><xmax>144</xmax><ymax>303.359375</ymax></bndbox></object><object><name>robot</name><bndbox><xmin>458</xmin><ymin>223.359375</ymin><xmax>525</xmax><ymax>339.359375</ymax></bndbox></object><object><name>robot</name><bndbox><xmin>0</xmin><ymin>269.359375</ymin><xmax>48</xmax><ymax>326.359375</ymax></bndbox></object></annotation>