<annotation><filename>ScreenShot20170620at84621PM.jpg</filename><size><width>474</width><height>473</height><depth>3</depth></size><object><name>robot</name><bndbox><xmin>273</xmin><ymin>270.4375</ymin><xmax>358</xmax><ymax>342.4375</ymax></bndbox></object><object><name>robot</name><bndbox><xmin>152</xmin><ymin>272.4375</ymin><xmax>224</xmax><ymax>352.4375</ymax></bndbox></object><object><name>robot</name><bndbox><xmin>8</xmin><ymin>308.4375</ymin><xmax>123</xmax><ymax>411.4375</ymax></bndbox></object><object><name>robot</name><bndbox><xmin>366</xmin><ymin>284.4375</ymin><xmax>460</xmax><ymax>371.4375</ymax></bndbox></object></annotation>