<annotation><filename>ScreenShot20170620at72151PM.jpg</filename><size><width>525</width><height>525</height><depth>3</depth></size><object><name>robot</name><bndbox><xmin>296</xmin><ymin>296</ymin><xmax>393</xmax><ymax>395</ymax></bndbox></object><object><name>robot</name><bndbox><xmin>109</xmin><ymin>314</ymin><xmax>209</xmax><ymax>420</ymax></bndbox></object><object><name>robot</name><bndbox><xmin>180</xmin><ymin>235</ymin><xmax>257</xmax><ymax>307</ymax></bndbox></object><object><name>robot</name><bndbox><xmin>289</xmin><ymin>228</ymin><xmax>365</xmax><ymax>293</ymax></bndbox></object><object><name>yogaball</name><bndbox><xmin>190</xmin><ymin>262</ymin><xmax>273</xmax><ymax>345</ymax></bndbox></object><object><name>yogaball</name><bndbox><xmin>278</xmin><ymin>260</ymin><xmax>361</xmax><ymax>346</ymax></bndbox></object><object><name>redball</name><bndbox><xmin>237</xmin><ymin>337.6666717529297</ymin><xmax>253</xmax><ymax>353.6666717529297</ymax></bndbox></object><object><name>blueball</name><bndbox><xmin>200</xmin><ymin>335.6666717529297</ymin><xmax>215</xmax><ymax>351.6666717529297</ymax></bndbox></object></annotation>