<annotation><filename>ScreenShot20170620at84218PM.jpg</filename><size><width>474</width><height>473</height><depth>3</depth></size><object><name>robot</name><bndbox><xmin>210</xmin><ymin>265.8958320617676</ymin><xmax>382</xmax><ymax>444.8958320617676</ymax></bndbox></object><object><name>robot</name><bndbox><xmin>376</xmin><ymin>197.89583206176758</ymin><xmax>474</xmax><ymax>346.8958320617676</ymax></bndbox></object><object><name>robot</name><bndbox><xmin>227</xmin><ymin>178.89583206176758</ymin><xmax>322</xmax><ymax>263.8958320617676</ymax></bndbox></object><object><name>robot</name><bndbox><xmin>122</xmin><ymin>166.89583206176758</ymin><xmax>217</xmax><ymax>254.89583206176758</ymax></bndbox></object></annotation>