<annotation><filename>ScreenShot20170620at83639PM.jpg</filename><size><width>474</width><height>473</height><depth>3</depth></size><object><name>robot</name><bndbox><xmin>148</xmin><ymin>174.52499389648438</ymin><xmax>259</xmax><ymax>294.5249938964844</ymax></bndbox></object><object><name>robot</name><bndbox><xmin>364</xmin><ymin>98.52499389648438</ymin><xmax>441</xmax><ymax>165.52499389648438</ymax></bndbox></object><object><name>robot</name><bndbox><xmin>454</xmin><ymin>138.52499389648438</ymin><xmax>474</xmax><ymax>195.52499389648438</ymax></bndbox></object></annotation>