<annotation><filename>ScreenShot20170620at80445PM.jpg</filename><size><width>525</width><height>525</height><depth>3</depth></size><object><name>robot</name><bndbox><xmin>102</xmin><ymin>301.8984375</ymin><xmax>164</xmax><ymax>364.8984375</ymax></bndbox></object><object><name>robot</name><bndbox><xmin>216</xmin><ymin>349.8984375</ymin><xmax>313</xmax><ymax>427.8984375</ymax></bndbox></object><object><name>robot</name><bndbox><xmin>280</xmin><ymin>298.8984375</ymin><xmax>339</xmax><ymax>363.8984375</ymax></bndbox></object><object><name>robot</name><bndbox><xmin>230</xmin><ymin>281.8984375</ymin><xmax>292</xmax><ymax>332.8984375</ymax></bndbox></object></annotation>