<annotation><filename>ScreenShot20170621at20124PM.jpg</filename><size><width>474</width><height>473</height><depth>3</depth></size><object><name>robot</name><bndbox><xmin>257</xmin><ymin>255</ymin><xmax>340</xmax><ymax>331</ymax></bndbox></object><object><name>robot</name><bndbox><xmin>343</xmin><ymin>274</ymin><xmax>457</xmax><ymax>386</ymax></bndbox></object><object><name>yogaball</name><bndbox><xmin>139</xmin><ymin>265</ymin><xmax>237</xmax><ymax>365</ymax></bndbox></object><object><name>yogaball</name><bndbox><xmin>42</xmin><ymin>274</ymin><xmax>143</xmax><ymax>368</ymax></bndbox></object></annotation>