<annotation><filename>ScreenShot20170621at20453PM.jpg</filename><size><width>474</width><height>473</height><depth>3</depth></size><object><name>robot</name><bndbox><xmin>328</xmin><ymin>65.3984375</ymin><xmax>420</xmax><ymax>157.3984375</ymax></bndbox></object><object><name>robot</name><bndbox><xmin>203</xmin><ymin>99.3984375</ymin><xmax>302</xmax><ymax>184.3984375</ymax></bndbox></object><object><name>robot</name><bndbox><xmin>43</xmin><ymin>52.3984375</ymin><xmax>157</xmax><ymax>156.3984375</ymax></bndbox></object><object><name>robot</name><bndbox><xmin>35</xmin><ymin>155.3984375</ymin><xmax>192</xmax><ymax>266.3984375</ymax></bndbox></object></annotation>