<annotation><filename>ScreenShot20170620at84848PM.jpg</filename><size><width>474</width><height>473</height><depth>3</depth></size><object><name>robot</name><bndbox><xmin>118</xmin><ymin>313.484375</ymin><xmax>203</xmax><ymax>402.484375</ymax></bndbox></object><object><name>robot</name><bndbox><xmin>194</xmin><ymin>287.484375</ymin><xmax>258</xmax><ymax>362.484375</ymax></bndbox></object><object><name>robot</name><bndbox><xmin>291</xmin><ymin>285.484375</ymin><xmax>375</xmax><ymax>363.484375</ymax></bndbox></object><object><name>robot</name><bndbox><xmin>427</xmin><ymin>298.484375</ymin><xmax>474</xmax><ymax>382.484375</ymax></bndbox></object></annotation>