<annotation><filename>ScreenShot20170621at20455PM.jpg</filename><size><width>474</width><height>473</height><depth>3</depth></size><object><name>robot</name><bndbox><xmin>52</xmin><ymin>43.3984375</ymin><xmax>162</xmax><ymax>156.3984375</ymax></bndbox></object><object><name>robot</name><bndbox><xmin>75</xmin><ymin>164.3984375</ymin><xmax>246</xmax><ymax>347.3984375</ymax></bndbox></object><object><name>robot</name><bndbox><xmin>295</xmin><ymin>111.3984375</ymin><xmax>423</xmax><ymax>230.3984375</ymax></bndbox></object><object><name>robot</name><bndbox><xmin>341</xmin><ymin>22.3984375</ymin><xmax>421</xmax><ymax>138.3984375</ymax></bndbox></object></annotation>