<annotation><filename>ScreenShot20170620at72100PM.jpg</filename><size><width>525</width><height>525</height><depth>3</depth></size><object><name>robot</name><bndbox><xmin>21</xmin><ymin>236</ymin><xmax>122</xmax><ymax>339</ymax></bndbox></object><object><name>robot</name><bndbox><xmin>128</xmin><ymin>211</ymin><xmax>216</xmax><ymax>297</ymax></bndbox></object><object><name>robot</name><bndbox><xmin>398</xmin><ymin>231</ymin><xmax>524</xmax><ymax>347</ymax></bndbox></object><object><name>robot</name><bndbox><xmin>326</xmin><ymin>208</ymin><xmax>405</xmax><ymax>319</ymax></bndbox></object></annotation>