<annotation><filename>ScreenShot20170621at21144PM.jpg</filename><size><width>474</width><height>473</height><depth>3</depth></size><object><name>robot</name><bndbox><xmin>251</xmin><ymin>211.8984375</ymin><xmax>466</xmax><ymax>441.8984375</ymax></bndbox></object><object><name>robot</name><bndbox><xmin>179</xmin><ymin>57.8984375</ymin><xmax>355</xmax><ymax>202.8984375</ymax></bndbox></object><object><name>robot</name><bndbox><xmin>0</xmin><ymin>88.8984375</ymin><xmax>142</xmax><ymax>241.8984375</ymax></bndbox></object></annotation>