<annotation><filename>ScreenShot20170620at72703PM.jpg</filename><size><width>525</width><height>525</height><depth>3</depth></size><object><name>robot</name><bndbox><xmin>92</xmin><ymin>201</ymin><xmax>244</xmax><ymax>365</ymax></bndbox></object><object><name>yogaball</name><bndbox><xmin>368</xmin><ymin>135</ymin><xmax>477</xmax><ymax>230</ymax></bndbox></object><object><name>redball</name><bndbox><xmin>391</xmin><ymin>340</ymin><xmax>422</xmax><ymax>374</ymax></bndbox></object><object><name>blueball</name><bndbox><xmin>60</xmin><ymin>221</ymin><xmax>81</xmax><ymax>240</ymax></bndbox></object></annotation>