<annotation><filename>ScreenShot20170621at20543PM.jpg</filename><size><width>474</width><height>473</height><depth>3</depth></size><object><name>robot</name><bndbox><xmin>71</xmin><ymin>207.359375</ymin><xmax>281</xmax><ymax>448.359375</ymax></bndbox></object><object><name>robot</name><bndbox><xmin>39</xmin><ymin>31.359375</ymin><xmax>159</xmax><ymax>160.359375</ymax></bndbox></object><object><name>robot</name><bndbox><xmin>398</xmin><ymin>85.359375</ymin><xmax>474</xmax><ymax>224.359375</ymax></bndbox></object></annotation>