<annotation><filename>ScreenShot20170620at83801PM.jpg</filename><size><width>474</width><height>473</height><depth>3</depth></size><object><name>robot</name><bndbox><xmin>0</xmin><ymin>173.5625</ymin><xmax>70</xmax><ymax>351.5625</ymax></bndbox></object><object><name>robot</name><bndbox><xmin>318</xmin><ymin>115.5625</ymin><xmax>404</xmax><ymax>182.5625</ymax></bndbox></object><object><name>robot</name><bndbox><xmin>149</xmin><ymin>99.5625</ymin><xmax>319</xmax><ymax>225.5625</ymax></bndbox></object><object><name>robot</name><bndbox><xmin>216</xmin><ymin>202.5625</ymin><xmax>384</xmax><ymax>343.5625</ymax></bndbox></object></annotation>