<annotation><filename>ScreenShot20170620at83754PM.jpg</filename><size><width>474</width><height>473</height><depth>3</depth></size><object><name>robot</name><bndbox><xmin>196</xmin><ymin>194.52499389648438</ymin><xmax>416</xmax><ymax>378.5249938964844</ymax></bndbox></object><object><name>robot</name><bndbox><xmin>60</xmin><ymin>172.52499389648438</ymin><xmax>190</xmax><ymax>246.52499389648438</ymax></bndbox></object><object><name>robot</name><bndbox><xmin>0</xmin><ymin>167.52499389648438</ymin><xmax>55</xmax><ymax>288.5249938964844</ymax></bndbox></object><object><name>robot</name><bndbox><xmin>352</xmin><ymin>126.52499389648438</ymin><xmax>474</xmax><ymax>220.52499389648438</ymax></bndbox></object></annotation>