<annotation><filename>ScreenShot20170620at84637PM.jpg</filename><size><width>474</width><height>473</height><depth>3</depth></size><object><name>robot</name><bndbox><xmin>183</xmin><ymin>84.3984375</ymin><xmax>270</xmax><ymax>176.3984375</ymax></bndbox></object><object><name>robot</name><bndbox><xmin>442</xmin><ymin>190.3984375</ymin><xmax>474</xmax><ymax>323.3984375</ymax></bndbox></object><object><name>robot</name><bndbox><xmin>29</xmin><ymin>253.3984375</ymin><xmax>167</xmax><ymax>375.3984375</ymax></bndbox></object><object><name>robot</name><bndbox><xmin>3</xmin><ymin>140.3984375</ymin><xmax>122</xmax><ymax>252.3984375</ymax></bndbox></object></annotation>