<annotation><filename>ScreenShot20170621at22829PM.jpg</filename><size><width>474</width><height>473</height><depth>3</depth></size><object><name>robot</name><bndbox><xmin>349</xmin><ymin>23.8984375</ymin><xmax>442</xmax><ymax>112.8984375</ymax></bndbox></object><object><name>robot</name><bndbox><xmin>259</xmin><ymin>19.8984375</ymin><xmax>337</xmax><ymax>94.8984375</ymax></bndbox></object><object><name>robot</name><bndbox><xmin>6</xmin><ymin>65.8984375</ymin><xmax>99</xmax><ymax>169.8984375</ymax></bndbox></object><object><name>robot</name><bndbox><xmin>125</xmin><ymin>141.8984375</ymin><xmax>256</xmax><ymax>310.8984375</ymax></bndbox></object></annotation>