<annotation><filename>ScreenShot20170620at80429PM.jpg</filename><size><width>525</width><height>525</height><depth>3</depth></size><object><name>robot</name><bndbox><xmin>120</xmin><ymin>269.3249969482422</ymin><xmax>208</xmax><ymax>351.3249969482422</ymax></bndbox></object><object><name>robot</name><bndbox><xmin>252</xmin><ymin>272.3249969482422</ymin><xmax>375</xmax><ymax>367.3249969482422</ymax></bndbox></object><object><name>robot</name><bndbox><xmin>446</xmin><ymin>267.3249969482422</ymin><xmax>525</xmax><ymax>371.3249969482422</ymax></bndbox></object></annotation>