<annotation><filename>ScreenShot20170620at85004PM.jpg</filename><size><width>474</width><height>473</height><depth>3</depth></size><object><name>robot</name><bndbox><xmin>21</xmin><ymin>111.52499389648438</ymin><xmax>97</xmax><ymax>197.52499389648438</ymax></bndbox></object><object><name>robot</name><bndbox><xmin>124</xmin><ymin>108.52499389648438</ymin><xmax>193</xmax><ymax>181.52499389648438</ymax></bndbox></object><object><name>robot</name><bndbox><xmin>233</xmin><ymin>110.52499389648438</ymin><xmax>324</xmax><ymax>194.52499389648438</ymax></bndbox></object><object><name>robot</name><bndbox><xmin>0</xmin><ymin>177.52499389648438</ymin><xmax>22</xmax><ymax>238.52499389648438</ymax></bndbox></object></annotation>