<annotation><filename>ScreenShot20170620at84201PM.jpg</filename><size><width>474</width><height>473</height><depth>3</depth></size><object><name>robot</name><bndbox><xmin>284</xmin><ymin>171.72499084472656</ymin><xmax>380</xmax><ymax>254.72499084472656</ymax></bndbox></object><object><name>robot</name><bndbox><xmin>336</xmin><ymin>321.72499084472656</ymin><xmax>474</xmax><ymax>450.72499084472656</ymax></bndbox></object><object><name>robot</name><bndbox><xmin>80</xmin><ymin>161.72499084472656</ymin><xmax>188</xmax><ymax>275.72499084472656</ymax></bndbox></object><object><name>robot</name><bndbox><xmin>3</xmin><ymin>215.72499084472656</ymin><xmax>68</xmax><ymax>368.72499084472656</ymax></bndbox></object></annotation>