<annotation><filename>ScreenShot20170621at20825PM.jpg</filename><size><width>474</width><height>473</height><depth>3</depth></size><object><name>robot</name><bndbox><xmin>180</xmin><ymin>114.85000610351562</ymin><xmax>354</xmax><ymax>289.8500061035156</ymax></bndbox></object><object><name>robot</name><bndbox><xmin>344</xmin><ymin>77.85000610351562</ymin><xmax>464</xmax><ymax>212.85000610351562</ymax></bndbox></object><object><name>robot</name><bndbox><xmin>250</xmin><ymin>239.85000610351562</ymin><xmax>474</xmax><ymax>454.8500061035156</ymax></bndbox></object></annotation>