<annotation><filename>ScreenShot20170620at72648PM.jpg</filename><size><width>525</width><height>525</height><depth>3</depth></size><object><name>robot</name><bndbox><xmin>120</xmin><ymin>62</ymin><xmax>358</xmax><ymax>294</ymax></bndbox></object><object><name>yogaball</name><bndbox><xmin>0</xmin><ymin>53</ymin><xmax>28</xmax><ymax>191</ymax></bndbox></object><object><name>redball</name><bndbox><xmin>106</xmin><ymin>137</ymin><xmax>135</xmax><ymax>166</ymax></bndbox></object><object><name>blueball</name><bndbox><xmin>468</xmin><ymin>114</ymin><xmax>493</xmax><ymax>138</ymax></bndbox></object></annotation>