<annotation><filename>ScreenShot20170620at83355PM.jpg</filename><size><width>474</width><height>473</height><depth>3</depth></size><object><name>robot</name><bndbox><xmin>27</xmin><ymin>116.3984375</ymin><xmax>257</xmax><ymax>310.3984375</ymax></bndbox></object><object><name>robot</name><bndbox><xmin>256</xmin><ymin>131.3984375</ymin><xmax>474</xmax><ymax>329.3984375</ymax></bndbox></object><object><name>robot</name><bndbox><xmin>431</xmin><ymin>90.3984375</ymin><xmax>474</xmax><ymax>145.3984375</ymax></bndbox></object></annotation>