<annotation><filename>ScreenShot20170621at15717PM.jpg</filename><size><width>474</width><height>473</height><depth>3</depth></size><object><name>robot</name><bndbox><xmin>129</xmin><ymin>171.10416412353516</ymin><xmax>238</xmax><ymax>292.10416412353516</ymax></bndbox></object><object><name>robot</name><bndbox><xmin>340</xmin><ymin>168.10416412353516</ymin><xmax>443</xmax><ymax>241.10416412353516</ymax></bndbox></object><object><name>robot</name><bndbox><xmin>5</xmin><ymin>268.10416412353516</ymin><xmax>124</xmax><ymax>405.10416412353516</ymax></bndbox></object></annotation>